,tfopwg_disp
5,false_positive
14,false_positive
25,false_positive
27,false_positive
34,false_positive
36,false_positive
37,false_positive
38,false_positive
39,false_positive
40,false_positive
42,false_positive
45,false_positive
48,false_positive
49,false_positive
50,false_positive
51,false_positive
52,false_positive
53,false_positive
56,false_positive
57,false_positive
59,false_positive
60,false_positive
62,false_positive
66,false_positive
67,false_positive
69,false_positive
70,false_positive
72,false_positive
73,false_positive
76,false_positive
77,false_positive
80,false_positive
81,false_positive
83,false_positive
85,false_positive
86,false_positive
87,false_positive
88,false_positive
89,false_positive
90,false_positive
91,false_positive
92,false_positive
97,false_positive
98,false_positive
99,false_positive
106,false_positive
116,false_positive
118,false_positive
120,false_positive
122,false_positive
123,false_positive
126,false_positive
132,false_positive
133,false_positive
134,false_positive
136,false_positive
140,false_positive
141,false_positive
143,false_positive
144,false_positive
145,false_positive
146,false_positive
151,false_positive
154,false_positive
155,false_positive
156,false_positive
162,false_positive
164,false_positive
166,false_positive
172,false_positive
174,false_positive
180,false_positive
181,false_positive
182,false_positive
183,false_positive
185,false_positive
186,false_positive
187,false_positive
196,false_positive
197,false_positive
198,false_positive
199,false_positive
200,false_positive
202,false_positive
206,false_positive
208,false_positive
209,false_positive
210,false_positive
213,false_positive
214,false_positive
215,false_positive
218,false_positive
220,false_positive
221,false_positive
226,false_positive
227,false_positive
229,false_positive
230,false_positive
232,false_positive
241,false_positive
251,false_positive
258,false_positive
261,false_positive
272,false_positive
291,false_positive
292,false_positive
296,false_positive
319,false_positive
322,false_positive
342,false_positive
351,false_positive
352,false_positive
353,false_positive
354,false_positive
355,false_positive
361,false_positive
367,false_positive
368,false_positive
373,false_positive
375,false_positive
381,false_positive
382,false_positive
383,false_positive
384,false_positive
386,false_positive
387,false_positive
389,false_positive
391,false_positive
392,false_positive
393,false_positive
394,false_positive
395,false_positive
396,false_positive
398,false_positive
401,false_positive
403,false_positive
404,false_positive
405,false_positive
406,false_positive
408,false_positive
409,false_positive
411,false_positive
412,false_positive
413,false_positive
415,false_positive
416,false_positive
417,false_positive
425,false_positive
440,false_positive
443,false_positive
444,false_positive
445,false_positive
447,false_positive
450,false_positive
452,false_positive
453,false_positive
454,false_positive
455,false_positive
456,false_positive
458,false_positive
460,false_positive
462,false_positive
463,false_positive
464,false_positive
465,false_positive
466,false_positive
469,false_positive
472,false_positive
473,false_positive
474,false_positive
476,false_positive
480,false_positive
481,false_positive
482,false_positive
483,false_positive
484,false_positive
485,false_positive
486,false_positive
487,false_positive
489,false_positive
491,false_positive
492,false_positive
493,false_positive
494,false_positive
518,false_positive
521,false_positive
522,false_positive
523,false_positive
524,false_positive
546,false_positive
547,false_positive
548,false_positive
549,false_positive
550,false_positive
551,false_positive
552,false_positive
553,false_positive
554,false_positive
555,false_positive
556,false_positive
557,false_positive
558,false_positive
560,false_positive
562,false_positive
563,false_positive
564,false_positive
566,false_positive
567,false_positive
579,false_positive
585,false_positive
590,false_positive
592,false_positive
593,false_positive
595,false_positive
596,false_positive
598,false_positive
605,false_positive
608,false_positive
609,false_positive
610,false_positive
611,false_positive
612,false_positive
614,false_positive
615,false_positive
616,false_positive
617,false_positive
618,false_positive
620,false_positive
621,false_positive
622,false_positive
623,false_positive
624,false_positive
625,false_positive
626,false_positive
628,false_positive
629,false_positive
630,false_positive
631,false_positive
632,false_positive
634,false_positive
636,false_positive
637,false_positive
638,false_positive
639,false_positive
640,false_positive
641,false_positive
642,false_positive
645,false_positive
647,false_positive
652,false_positive
653,false_positive
654,false_positive
657,false_positive
658,false_positive
659,false_positive
660,false_positive
662,false_positive
664,false_positive
666,false_positive
668,false_positive
670,false_positive
672,false_positive
675,false_positive
676,false_positive
677,false_positive
678,false_positive
680,false_positive
682,false_positive
683,false_positive
687,false_positive
688,false_positive
689,false_positive
690,false_positive
692,false_positive
693,false_positive
695,false_positive
696,false_positive
701,false_positive
702,false_positive
704,false_positive
706,false_positive
707,false_positive
708,false_positive
710,false_positive
712,false_positive
713,false_positive
714,false_positive
715,false_positive
716,false_positive
717,false_positive
718,false_positive
719,false_positive
722,false_positive
723,false_positive
727,false_positive
730,false_positive
731,false_positive
737,false_positive
738,false_positive
739,false_positive
741,false_positive
742,false_positive
743,false_positive
747,false_positive
748,false_positive
749,false_positive
750,false_positive
758,false_positive
761,false_positive
762,false_positive
763,false_positive
768,false_positive
784,false_positive
785,false_positive
789,false_positive
790,false_positive
791,false_positive
792,false_positive
794,false_positive
795,false_positive
796,false_positive
797,false_positive
804,false_positive
805,false_positive
806,false_positive
810,false_positive
811,false_positive
837,false_positive
839,false_positive
841,false_positive
842,false_positive
845,false_positive
849,false_positive
851,false_positive
852,false_positive
855,false_positive
865,false_positive
871,false_positive
879,false_positive
889,false_positive
891,false_positive
899,false_positive
919,false_positive
920,false_positive
931,false_positive
952,false_positive
956,false_positive
960,false_positive
966,false_positive
984,false_positive
992,false_positive
994,false_positive
1010,false_positive
1011,false_positive
1022,false_positive
1027,false_positive
1028,false_positive
1049,false_positive
1053,false_positive
1054,false_positive
1056,false_positive
1060,false_positive
1061,false_positive
1063,false_positive
1067,false_positive
1080,false_positive
1089,false_positive
1093,false_positive
1094,false_positive
1096,false_positive
1101,false_positive
1115,false_positive
1118,false_positive
1123,false_positive
1127,false_positive
1129,false_positive
1130,false_positive
1131,false_positive
1133,false_positive
1136,false_positive
1137,false_positive
1152,false_positive
1169,false_positive
1174,false_positive
1178,false_positive
1184,false_positive
1192,false_positive
1193,false_positive
1195,false_positive
1196,false_positive
1197,false_positive
1198,false_positive
1201,false_positive
1203,false_positive
1209,false_positive
1210,false_positive
1221,false_positive
1227,false_positive
1233,false_positive
1238,false_positive
1239,false_positive
1262,false_positive
1266,false_positive
1283,false_positive
1286,false_positive
1293,false_positive
1295,false_positive
1310,false_positive
1311,false_positive
1317,false_positive
1323,false_positive
1327,false_positive
1334,false_positive
1340,false_positive
1345,false_positive
1346,false_positive
1347,false_positive
1350,false_positive
1356,false_positive
1359,false_positive
1361,false_positive
1373,false_positive
1379,false_positive
1382,false_positive
1388,false_positive
1389,false_positive
1390,false_positive
1402,false_positive
1408,false_positive
1417,false_positive
1418,false_positive
1420,false_positive
1424,false_positive
1426,false_positive
1446,false_positive
1465,false_positive
1468,false_positive
1472,false_positive
1475,false_positive
1481,false_positive
1482,false_positive
1483,false_positive
1487,false_positive
1488,false_positive
1490,false_positive
1491,false_positive
1520,false_positive
1521,false_positive
1528,false_positive
1532,false_positive
1533,false_positive
1544,false_positive
1546,false_positive
1550,false_positive
1554,false_positive
1566,false_positive
1580,false_positive
1599,false_positive
1603,false_positive
1609,false_positive
1614,false_positive
1628,false_positive
1642,false_positive
1663,false_positive
1671,false_positive
1680,false_positive
1696,false_positive
1698,false_positive
1707,false_positive
1708,false_positive
1713,false_positive
1722,false_positive
1726,false_positive
1727,false_positive
1734,false_positive
1739,false_positive
1747,false_positive
1762,false_positive
1766,false_positive
1796,false_positive
1803,false_positive
1810,false_positive
1819,false_positive
1822,false_positive
1824,false_positive
1825,false_positive
1826,false_positive
1827,false_positive
1836,false_positive
1837,false_positive
1838,false_positive
1856,false_positive
1862,false_positive
1873,false_positive
1874,false_positive
1904,false_positive
1908,false_positive
1910,false_positive
1911,false_positive
1916,false_positive
1920,false_positive
1927,false_positive
1949,false_positive
1958,false_positive
1968,false_positive
1970,false_positive
1977,false_positive
1994,false_positive
2024,false_positive
2025,false_positive
2026,false_positive
2028,false_positive
2031,false_positive
2032,false_positive
2038,false_positive
2039,false_positive
2041,false_positive
2060,false_positive
2070,false_positive
2079,false_positive
2080,false_positive
2082,false_positive
2083,false_positive
2084,false_positive
2085,false_positive
2086,false_positive
2089,false_positive
2091,false_positive
2092,false_positive
2094,false_positive
2096,false_positive
2097,false_positive
2099,false_positive
2103,false_positive
2145,false_positive
2148,false_positive
2154,false_positive
2174,false_positive
2186,false_positive
2193,false_positive
2194,false_positive
2195,false_positive
2200,false_positive
2207,false_positive
2211,false_positive
2221,false_positive
2236,false_positive
2239,false_positive
2248,false_positive
2253,false_positive
2260,false_positive
2261,false_positive
2268,false_positive
2277,false_positive
2283,false_positive
2291,false_positive
2297,false_positive
2308,false_positive
2321,false_positive
2322,false_positive
2350,false_positive
2353,false_positive
2354,false_positive
2364,false_positive
2374,false_positive
2375,false_positive
2380,false_positive
2384,false_positive
2392,false_positive
2415,false_positive
2428,false_positive
2429,false_positive
2432,false_positive
2434,false_positive
2443,false_positive
2444,false_positive
2462,false_positive
2467,false_positive
2471,false_positive
2486,false_positive
2488,false_positive
2497,false_positive
2498,false_positive
2503,false_positive
2504,false_positive
2509,false_positive
2520,false_positive
2524,false_positive
2533,false_positive
2534,false_positive
2536,false_positive
2539,false_positive
2540,false_positive
2543,false_positive
2568,false_positive
2569,false_positive
2578,false_positive
2583,false_positive
2584,false_positive
2587,false_positive
2597,false_positive
2599,false_positive
2610,false_positive
2622,false_positive
2638,false_positive
2639,false_positive
2642,false_positive
2643,false_positive
2647,false_positive
2650,false_positive
2655,false_positive
2665,false_positive
2671,false_positive
2683,false_positive
2687,false_positive
2694,false_positive
2698,false_positive
2700,false_positive
2702,false_positive
2708,false_positive
2713,false_positive
2714,false_positive
2716,false_positive
2717,false_positive
2732,false_positive
2737,false_positive
2750,false_positive
2755,false_positive
2766,false_positive
2768,false_positive
2770,false_positive
2780,false_positive
2794,false_positive
2803,false_positive
2822,false_positive
2848,false_positive
2852,false_positive
2855,false_positive
2863,false_positive
2875,false_positive
2880,false_positive
2881,false_positive
2886,false_positive
2887,false_positive
2891,false_positive
2906,false_positive
2920,false_positive
2921,false_positive
2923,false_positive
2933,false_positive
2934,false_positive
2937,false_positive
2942,false_positive
2945,false_positive
2955,false_positive
2965,false_positive
2966,false_positive
2974,false_positive
2989,false_positive
2991,false_positive
2997,false_positive
2999,false_positive
3001,false_positive
3004,false_positive
3008,false_positive
3011,false_positive
3012,false_positive
3013,false_positive
3028,false_positive
3029,false_positive
3035,false_positive
3036,false_positive
3037,false_positive
3043,false_positive
3046,false_positive
3062,false_positive
3070,false_positive
3074,false_positive
3081,false_positive
3085,false_positive
3091,false_positive
3098,false_positive
3101,false_positive
3106,false_positive
3107,false_positive
3110,false_positive
3111,false_positive
3120,false_positive
3144,false_positive
3148,false_positive
3161,false_positive
3162,false_positive
3165,false_positive
3166,false_positive
3168,false_positive
3173,false_positive
3188,false_positive
3189,false_positive
3191,false_positive
3195,false_positive
3196,false_positive
3206,false_positive
3210,false_positive
3222,false_positive
3235,false_positive
3236,false_positive
3241,false_positive
3274,false_positive
3277,false_positive
3288,false_positive
3296,false_positive
3302,false_positive
3335,false_positive
3339,false_positive
3340,false_positive
3343,false_positive
3344,false_positive
3345,false_positive
3349,false_positive
3351,false_positive
3363,false_positive
3365,false_positive
3369,false_positive
3375,false_positive
3394,false_positive
3407,false_positive
3411,false_positive
3414,false_positive
3417,false_positive
3419,false_positive
3424,false_positive
3425,false_positive
3426,false_positive
3430,false_positive
3432,false_positive
3434,false_positive
3437,false_positive
3455,false_positive
3459,false_positive
3474,false_positive
3488,false_positive
3501,false_positive
3505,false_positive
3508,false_positive
3518,false_positive
3558,false_positive
3562,false_positive
3563,false_positive
3571,false_positive
3574,false_positive
3582,false_positive
3583,false_positive
3599,false_positive
3628,false_positive
3630,false_positive
3633,false_positive
3634,false_positive
3682,false_positive
3685,false_positive
3693,false_positive
3695,false_positive
3702,false_positive
3703,false_positive
3720,false_positive
3750,false_positive
3768,false_positive
3772,false_positive
3779,false_positive
3781,false_positive
3787,false_positive
3788,false_positive
3790,false_positive
3793,false_positive
3795,false_positive
3797,false_positive
3801,false_positive
3806,false_positive
3812,false_positive
3831,false_positive
3842,false_positive
3845,false_positive
3859,false_positive
3894,false_positive
3896,false_positive
3897,false_positive
3903,false_positive
3905,false_positive
3911,false_positive
3915,false_positive
3924,false_positive
3926,false_positive
3927,false_positive
3936,false_positive
3943,false_positive
3947,false_positive
3954,false_positive
3958,false_positive
3964,false_positive
3974,false_positive
3979,false_positive
3983,false_positive
3984,false_positive
3988,false_positive
3989,false_positive
3998,false_positive
4007,false_positive
4015,false_positive
4021,false_positive
4032,false_positive
4039,false_positive
4040,false_positive
4047,false_positive
4052,false_positive
4063,false_positive
4074,false_positive
4076,false_positive
4077,false_positive
4080,false_positive
4093,false_positive
4096,false_positive
4101,false_positive
4118,false_positive
4126,false_positive
4129,false_positive
4145,false_positive
4148,false_positive
4154,false_positive
4155,false_positive
4156,false_positive
4161,false_positive
4166,false_positive
4174,false_positive
4177,false_positive
4178,false_positive
4183,false_positive
4188,false_positive
4192,false_positive
4199,false_positive
4201,false_positive
4210,false_positive
4212,false_positive
4244,false_positive
4255,false_positive
4266,false_positive
4278,false_positive
4303,false_positive
4304,false_positive
4309,false_positive
4319,false_positive
4327,false_positive
4335,false_positive
4338,false_positive
4339,false_positive
4341,false_positive
4345,false_positive
4357,false_positive
4371,false_positive
4372,false_positive
4389,false_positive
4395,false_positive
4399,false_positive
4403,false_positive
4407,false_positive
4411,false_positive
4412,false_positive
4414,false_positive
4419,false_positive
4429,false_positive
4456,false_positive
4478,false_positive
4484,false_positive
4495,false_positive
4504,false_positive
4508,false_positive
4524,false_positive
4552,false_positive
4562,false_positive
4566,false_positive
4577,false_positive
4588,false_positive
4592,false_positive
4612,false_positive
4616,false_positive
4617,false_positive
4619,false_positive
4620,false_positive
4622,false_positive
4626,false_positive
4628,false_positive
4649,false_positive
4688,false_positive
4690,false_positive
4695,false_positive
4699,false_positive
4724,false_positive
4746,false_positive
4759,false_positive
4766,false_positive
4779,false_positive
4800,false_positive
4815,false_positive
4820,false_positive
4831,false_positive
4833,false_positive
4846,false_positive
4855,false_positive
4866,false_positive
4869,false_positive
4875,false_positive
4885,false_positive
4890,false_positive
4894,false_positive
4926,false_positive
4928,false_positive
4944,false_positive
4986,false_positive
5011,false_positive
5020,false_positive
5021,false_positive
5038,false_positive
5051,false_positive
5086,false_positive
5087,false_positive
5094,false_positive
5096,false_positive
5107,false_positive
5115,false_positive
5127,false_positive
5129,false_positive
5145,false_positive
5178,false_positive
5182,false_positive
5183,false_positive
5184,false_positive
5201,false_positive
5224,false_positive
5235,false_positive
5257,false_positive
5280,false_positive
5287,false_positive
5300,false_positive
5307,false_positive
5335,false_positive
5342,false_positive
5347,false_positive
5348,false_positive
5353,false_positive
5405,false_positive
5413,false_positive
5420,false_positive
5424,false_positive
5448,false_positive
5461,false_positive
5466,false_positive
5476,false_positive
5477,false_positive
5486,false_positive
5502,false_positive
5534,false_positive
5546,false_positive
5558,false_positive
5576,false_positive
5592,false_positive
5597,false_positive
5604,false_positive
5630,false_positive
5637,false_positive
5650,false_positive
5663,false_positive
5674,false_positive
5678,false_positive
5692,false_positive
5704,false_positive
5716,false_positive
5726,false_positive
5741,false_positive
5792,false_positive
5796,false_positive
5818,false_positive
5832,false_positive
5840,false_positive
5854,false_positive
5877,false_positive
5878,false_positive
5899,false_positive
5901,false_positive
5907,false_positive
5943,false_positive
5945,false_positive
5946,false_positive
5972,false_positive
6011,false_positive
6024,false_positive
6038,false_positive
6049,false_positive
6056,false_positive
6062,false_positive
6092,false_positive
6114,false_positive
6149,false_positive
6164,false_positive
6173,false_positive
6175,false_positive
6181,false_positive
6194,false_positive
6207,false_positive
6218,false_positive
6223,false_positive
6228,false_positive
6231,false_positive
6234,false_positive
6238,false_positive
6254,false_positive
6263,false_positive
6289,false_positive
6290,false_positive
6293,false_positive
6300,false_positive
6313,false_positive
6329,false_positive
6343,false_positive
6349,false_positive
6354,false_positive
6368,false_positive
6369,false_positive
6372,false_positive
6375,false_positive
6389,false_positive
6396,false_positive
6400,false_positive
6407,false_positive
6409,false_positive
6437,false_positive
6438,false_positive
6440,false_positive
6447,false_positive
6449,false_positive
6450,false_positive
6455,false_positive
6465,false_positive
6470,false_positive
6514,false_positive
6515,false_positive
6519,false_positive
6525,false_positive
6538,false_positive
6541,false_positive
6553,false_positive
6564,false_positive
6578,false_positive
6581,false_positive
6591,false_positive
6593,false_positive
6605,false_positive
6610,false_positive
6614,false_positive
6626,false_positive
6629,false_positive
6642,false_positive
6655,false_positive
6660,false_positive
6666,false_positive
6669,false_positive
6684,false_positive
6706,false_positive
6708,false_positive
6711,false_positive
6713,false_positive
6715,false_positive
6717,false_positive
6718,false_positive
6719,false_positive
6721,false_positive
6722,false_positive
6723,false_positive
6724,false_positive
6727,false_positive
6743,false_positive
6778,false_positive
6779,false_positive
6781,false_positive
6782,false_positive
6785,false_positive
6786,false_positive
6787,false_positive
6788,false_positive
6789,false_positive
6790,false_positive
6791,false_positive
6793,false_positive
6794,false_positive
6803,false_positive
6811,false_positive
6820,false_positive
6823,false_positive
6826,false_positive
6847,false_positive
6848,false_positive
6849,false_positive
6850,false_positive
6851,false_positive
6853,false_positive
6854,false_positive
6858,false_positive
6860,false_positive
6861,false_positive
6862,false_positive
6863,false_positive
6864,false_positive
6865,false_positive
6880,false_positive
6888,false_positive
6918,false_positive
6919,false_positive
6942,false_positive
6972,false_positive
7005,false_positive
7026,false_positive
7036,false_positive
7068,false_positive
7069,false_positive
7087,false_positive
7105,false_positive
7108,false_positive
7117,false_positive
7129,false_positive
7140,false_positive
7149,false_positive
7156,false_positive
7161,false_positive
7162,false_positive
7164,false_positive
7170,false_positive
7171,false_positive
7199,false_positive
7224,false_positive
7231,false_positive
7237,false_positive
7238,false_positive
7247,false_positive
7256,false_positive
7257,false_positive
7269,false_positive
7279,false_positive
7294,false_positive
7296,false_positive
7309,false_positive
7313,false_positive
7315,false_positive
7317,false_positive
7320,false_positive
7328,false_positive
7332,false_positive
7368,false_positive
7385,false_positive
7390,false_positive
7397,false_positive
7430,false_positive
7432,false_positive
7434,false_positive
7438,false_positive
7439,false_positive
7441,false_positive
7443,false_positive
7445,false_positive
7446,false_positive
7448,false_positive
7451,false_positive
7452,false_positive
7458,false_positive
7478,false_positive
7483,false_positive
7489,false_positive
7508,false_positive
7509,false_positive
7521,false_positive
7523,false_positive
7524,false_positive
7543,false_positive
7547,false_positive
7583,false_positive
7584,false_positive
7585,false_positive
7587,false_positive
7589,false_positive
7591,false_positive
7592,false_positive
7594,false_positive
7598,false_positive
7612,false_positive
7620,false_positive
7624,false_positive
7631,false_positive
7650,false_positive
7651,false_positive
7659,false_positive
7661,false_positive
